epoch,accuracy,loss,val_accuracy,val_loss
0,0.09130000323057175,3.0011343955993652,0.14000000059604645,2.866607904434204
